<manifest xmlns="http://www.imsglobal.org/xsd/imscp_v1p1"             xmlns:adlcp="http://www.adlnet.org/xsd/adlcp_v1p3"             xmlns:adlseq="http://www.adlnet.org/xsd/adlseq_v1p3"             xmlns:adlnav="http://www.adlnet.org/xsd/adlnav_v1p3"             xmlns:imsss="http://www.imsglobal.org/xsd/imsss"             xmlns:xsi="http://www.w3.org/2001/XMLSchema-instance"             identifier="com.scorm.manifesttemplates.scorm2004.4thEd.nometadata" version="1"             xsi:schemaLocation="http://www.imsglobal.org/xsd/imscp_v1p1 imscp_v1p1.xsd\ http://www.adlnet.org/xsd/adlcp_v1p3 adlcp_v1p3.xsd http://www.adlnet.org/xsd/adlseq_v1p3 adlseq_v1p3.xsd http://www.adlnet.org/xsd/adlnav_v1p3 adlnav_v1p3.xsd http://www.imsglobal.org/xsd/imsss imsss_v1p0.xsd">    <metadata>            <schema>ADL SCORM</schema>        <schemaversion>2004 4th Edition</schemaversion>    </metadata>    <organizations default="B0">        <organization identifier="B0" adlseq:objectivesGlobalToSystem="false">            <!-- Titulo que se visuliza arriba de todo en el moodle-->            <title>Primer Objeto Marcos</title>                <!--<item identifier="Primer Objeto Marcos">-->                    <!--seccion de introduccion que se ve en moodle-->                    <item identifier="introduccion" identifierref="introduccion_resource">                        <title>Introduccion</title>                    </item>                    <!--seccion de contenido que se ve en moodle-->                    <item identifier="contenido" identifierref="contenido_resource">                        <title>Contenido</title>                    </item><!--seccion de actividades que se ve en moodle-->            <item identifier="actividad1" identifierref="actividad1_resource">                <title>Youtube</title>            </item><!--seccion de actividades que se ve en moodle-->            <item identifier="actividad2" identifierref="actividad2_resource">                <title>DailyMotion</title>            </item><!--seccion de actividades que se ve en moodle-->            <item identifier="actividad3" identifierref="actividad3_resource">                <title>Navegador</title>            </item><!--seccion de evalucion que se ve en moodle-->                    <item identifier="evaluacion" identifierref="evalucion_resource">                        <title>Evaluacion</title>                    </item>            <!--</item>-->        </organization>    </organizations>    <resources>        <!-- contenido de la seccion introduccion -->        <resource identifier="introduccion_resource" type="webcontent" adlcp:scormType="sco" href="introduccion.html">            <file href="introduccion.html"/>        </resource>        <!-- contenido de la seccion contenido -->        <resource identifier="contenido_resource" type="webcontent" adlcp:scormType="sco" href="contenido.html">            <file href="contenido.html"/>        </resource><!-- contenido de la seccion actividades -->        <resource identifier="actividad1_resource" type="webcontent" adlcp:scormType="sco" href="actividad1.html">            <file href="actividad1.html"/>        </resource><!-- contenido de la seccion actividades -->        <resource identifier="actividad2_resource" type="webcontent" adlcp:scormType="sco" href="actividad2.html">            <file href="actividad2.html"/>        </resource><!-- contenido de la seccion actividades -->        <resource identifier="actividad3_resource" type="webcontent" adlcp:scormType="sco" href="actividad3.html">            <file href="actividad3.html"/>        </resource><!-- contenido de la seccion evaluacion -->        <resource identifier="evalucion_resource" type="webcontent" adlcp:scormType="sco" href="evaluacion.html">            <file href="evaluacion.html"/>        </resource>        <!--Archivos comunes para todos los contenidos -->        <resource identifier="common_files" type="webcontent" adlcp:scormType="asset">            <file href="css/materialize.min.css"/>            <file href="css/EstiloScorm.css"/>            <file href="jquery-2.1.1.min.js"/>            <file href="SCOFunctions.js"/>            <file href="Evaluacion.js"/>            <file href="Actividades.js"/>            <file href="SCORM_API_wrapper.js"/>            <file href="materialize.min.js"/>        </resource>    </resources></manifest>